{
	"credit": "Made with Blockbench",
	"textures": {
		"1": "item/silver",
		"2": "item/green",
		"particle": "item/white"
	},
	"elements": [
		{
			"name": "ring",
			"from": [3, 0, 26],
			"to": [13, 1, 28],
			"rotation": {"angle": 0, "axis": "y", "origin": [7, 0, 26]},
			"faces": {
				"north": {"uv": [0, 0, 4, 1], "texture": "#1"},
				"east": {"uv": [0, 0, 2, 1], "texture": "#1"},
				"south": {"uv": [0, 0, 4, 1], "texture": "#1"},
				"west": {"uv": [0, 0, 2, 1], "texture": "#1"},
				"up": {"uv": [0, 0, 4, 2], "texture": "#1"},
				"down": {"uv": [0, 0, 4, 2], "texture": "#1"}
			}
		},
		{
			"name": "spoke",
			"from": [7, 0, -10],
			"to": [9, 1, 26],
			"rotation": {"angle": 0, "axis": "y", "origin": [7, 0, 24]},
			"faces": {
				"north": {"uv": [0, 0, 4, 1], "texture": "#1"},
				"east": {"uv": [0, 0, 2, 1], "texture": "#1"},
				"south": {"uv": [0, 0, 4, 1], "texture": "#1"},
				"west": {"uv": [0, 0, 2, 1], "texture": "#1"},
				"up": {"uv": [0, 0, 4, 2], "texture": "#1"},
				"down": {"uv": [0, 0, 4, 2], "texture": "#1"}
			}
		},
		{
			"name": "spoke",
			"from": [9, 0, 7],
			"to": [26, 1, 9],
			"rotation": {"angle": 0, "axis": "y", "origin": [9, 0, 24]},
			"faces": {
				"north": {"uv": [0, 0, 4, 1], "texture": "#1"},
				"east": {"uv": [0, 0, 2, 1], "texture": "#1"},
				"south": {"uv": [0, 0, 4, 1], "texture": "#1"},
				"west": {"uv": [0, 0, 2, 1], "texture": "#1"},
				"up": {"uv": [0, 0, 4, 2], "texture": "#1"},
				"down": {"uv": [0, 0, 4, 2], "texture": "#1"}
			}
		},
		{
			"name": "spoke",
			"from": [-10, 0, 7],
			"to": [7, 1, 9],
			"rotation": {"angle": 0, "axis": "y", "origin": [-10, 0, 24]},
			"faces": {
				"north": {"uv": [0, 0, 4, 1], "texture": "#1"},
				"east": {"uv": [0, 0, 2, 1], "texture": "#1"},
				"south": {"uv": [0, 0, 4, 1], "texture": "#1"},
				"west": {"uv": [0, 0, 2, 1], "texture": "#1"},
				"up": {"uv": [0, 0, 4, 2], "texture": "#1"},
				"down": {"uv": [0, 0, 4, 2], "texture": "#1"}
			}
		},
		{
			"name": "ring",
			"from": [13, 0, 25],
			"to": [16, 1, 27],
			"rotation": {"angle": 0, "axis": "y", "origin": [16, 0, 25]},
			"faces": {
				"north": {"uv": [0, 0, 4, 1], "texture": "#1"},
				"east": {"uv": [0, 0, 2, 1], "texture": "#1"},
				"south": {"uv": [0, 0, 4, 1], "texture": "#1"},
				"west": {"uv": [0, 0, 2, 1], "texture": "#1"},
				"up": {"uv": [0, 0, 4, 2], "texture": "#1"},
				"down": {"uv": [0, 0, 4, 2], "texture": "#1"}
			}
		},
		{
			"name": "ring",
			"from": [-11, 0, 13],
			"to": [-9, 1, 16],
			"rotation": {"angle": 0, "axis": "y", "origin": [-13, 0, 14]},
			"faces": {
				"north": {"uv": [4, 0, 0, 1], "texture": "#1"},
				"east": {"uv": [2, 0, 0, 1], "texture": "#1"},
				"south": {"uv": [4, 0, 0, 1], "texture": "#1"},
				"west": {"uv": [2, 0, 0, 1], "texture": "#1"},
				"up": {"uv": [4, 0, 0, 2], "texture": "#1"},
				"down": {"uv": [4, 0, 0, 2], "texture": "#1"}
			}
		},
		{
			"name": "ring",
			"from": [-10, 0, 16],
			"to": [-8, 1, 18],
			"rotation": {"angle": 0, "axis": "y", "origin": [-12, 0, 16]},
			"faces": {
				"north": {"uv": [4, 0, 0, 1], "texture": "#1"},
				"east": {"uv": [2, 0, 0, 1], "texture": "#1"},
				"south": {"uv": [4, 0, 0, 1], "texture": "#1"},
				"west": {"uv": [2, 0, 0, 1], "texture": "#1"},
				"up": {"uv": [4, 0, 0, 2], "texture": "#1"},
				"down": {"uv": [4, 0, 0, 2], "texture": "#1"}
			}
		},
		{
			"name": "ring",
			"from": [-9, 0, 18],
			"to": [-7, 1, 19],
			"rotation": {"angle": 0, "axis": "y", "origin": [-11, 0, 18]},
			"faces": {
				"north": {"uv": [4, 0, 0, 1], "texture": "#1"},
				"east": {"uv": [2, 0, 0, 1], "texture": "#1"},
				"south": {"uv": [4, 0, 0, 1], "texture": "#1"},
				"west": {"uv": [2, 0, 0, 1], "texture": "#1"},
				"up": {"uv": [4, 0, 0, 2], "texture": "#1"},
				"down": {"uv": [4, 0, 0, 2], "texture": "#1"}
			}
		},
		{
			"name": "ring",
			"from": [-8, 0, 19],
			"to": [-6, 1, 21],
			"rotation": {"angle": 0, "axis": "y", "origin": [-10, 0, 19]},
			"faces": {
				"north": {"uv": [4, 0, 0, 1], "texture": "#1"},
				"east": {"uv": [2, 0, 0, 1], "texture": "#1"},
				"south": {"uv": [4, 0, 0, 1], "texture": "#1"},
				"west": {"uv": [2, 0, 0, 1], "texture": "#1"},
				"up": {"uv": [4, 0, 0, 2], "texture": "#1"},
				"down": {"uv": [4, 0, 0, 2], "texture": "#1"}
			}
		},
		{
			"name": "ring",
			"from": [-7, 0, 21],
			"to": [-6, 1, 22],
			"rotation": {"angle": 0, "axis": "y", "origin": [-9, 0, 20]},
			"faces": {
				"north": {"uv": [4, 0, 0, 1], "texture": "#1"},
				"east": {"uv": [2, 0, 0, 1], "texture": "#1"},
				"south": {"uv": [4, 0, 0, 1], "texture": "#1"},
				"west": {"uv": [2, 0, 0, 1], "texture": "#1"},
				"up": {"uv": [4, 0, 0, 2], "texture": "#1"},
				"down": {"uv": [4, 0, 0, 2], "texture": "#1"}
			}
		},
		{
			"name": "ring",
			"from": [-6, 0, 22],
			"to": [-5, 1, 23],
			"rotation": {"angle": 0, "axis": "y", "origin": [-8, 0, 21]},
			"faces": {
				"north": {"uv": [4, 0, 0, 1], "texture": "#1"},
				"east": {"uv": [2, 0, 0, 1], "texture": "#1"},
				"south": {"uv": [4, 0, 0, 1], "texture": "#1"},
				"west": {"uv": [2, 0, 0, 1], "texture": "#1"},
				"up": {"uv": [4, 0, 0, 2], "texture": "#1"},
				"down": {"uv": [4, 0, 0, 2], "texture": "#1"}
			}
		},
		{
			"name": "ring",
			"from": [-5, 0, 22],
			"to": [-3, 1, 24],
			"rotation": {"angle": 0, "axis": "y", "origin": [-7, 0, 22]},
			"faces": {
				"north": {"uv": [4, 0, 0, 1], "texture": "#1"},
				"east": {"uv": [2, 0, 0, 1], "texture": "#1"},
				"south": {"uv": [4, 0, 0, 1], "texture": "#1"},
				"west": {"uv": [2, 0, 0, 1], "texture": "#1"},
				"up": {"uv": [4, 0, 0, 2], "texture": "#1"},
				"down": {"uv": [4, 0, 0, 2], "texture": "#1"}
			}
		},
		{
			"name": "ring",
			"from": [-3, 0, 23],
			"to": [-2, 1, 25],
			"rotation": {"angle": 0, "axis": "y", "origin": [-5, 0, 23]},
			"faces": {
				"north": {"uv": [4, 0, 0, 1], "texture": "#1"},
				"east": {"uv": [2, 0, 0, 1], "texture": "#1"},
				"south": {"uv": [4, 0, 0, 1], "texture": "#1"},
				"west": {"uv": [2, 0, 0, 1], "texture": "#1"},
				"up": {"uv": [4, 0, 0, 2], "texture": "#1"},
				"down": {"uv": [4, 0, 0, 2], "texture": "#1"}
			}
		},
		{
			"name": "ring",
			"from": [-2, 0, 24],
			"to": [0, 1, 26],
			"rotation": {"angle": 0, "axis": "y", "origin": [-3, 0, 24]},
			"faces": {
				"north": {"uv": [4, 0, 0, 1], "texture": "#1"},
				"east": {"uv": [2, 0, 0, 1], "texture": "#1"},
				"south": {"uv": [4, 0, 0, 1], "texture": "#1"},
				"west": {"uv": [2, 0, 0, 1], "texture": "#1"},
				"up": {"uv": [4, 0, 0, 2], "texture": "#1"},
				"down": {"uv": [4, 0, 0, 2], "texture": "#1"}
			}
		},
		{
			"name": "ring",
			"from": [0, 0, 25],
			"to": [3, 1, 27],
			"rotation": {"angle": 0, "axis": "y", "origin": [0, 0, 25]},
			"faces": {
				"north": {"uv": [4, 0, 0, 1], "texture": "#1"},
				"east": {"uv": [2, 0, 0, 1], "texture": "#1"},
				"south": {"uv": [4, 0, 0, 1], "texture": "#1"},
				"west": {"uv": [2, 0, 0, 1], "texture": "#1"},
				"up": {"uv": [4, 0, 0, 2], "texture": "#1"},
				"down": {"uv": [4, 0, 0, 2], "texture": "#1"}
			}
		},
		{
			"name": "ring",
			"from": [16, 0, 24],
			"to": [18, 1, 26],
			"rotation": {"angle": 0, "axis": "y", "origin": [19, 0, 24]},
			"faces": {
				"north": {"uv": [0, 0, 4, 1], "texture": "#1"},
				"east": {"uv": [0, 0, 2, 1], "texture": "#1"},
				"south": {"uv": [0, 0, 4, 1], "texture": "#1"},
				"west": {"uv": [0, 0, 2, 1], "texture": "#1"},
				"up": {"uv": [0, 0, 4, 2], "texture": "#1"},
				"down": {"uv": [0, 0, 4, 2], "texture": "#1"}
			}
		},
		{
			"name": "ring",
			"from": [18, 0, 23],
			"to": [19, 1, 25],
			"rotation": {"angle": 0, "axis": "y", "origin": [21, 0, 23]},
			"faces": {
				"north": {"uv": [0, 0, 4, 1], "texture": "#1"},
				"east": {"uv": [0, 0, 2, 1], "texture": "#1"},
				"south": {"uv": [0, 0, 4, 1], "texture": "#1"},
				"west": {"uv": [0, 0, 2, 1], "texture": "#1"},
				"up": {"uv": [0, 0, 4, 2], "texture": "#1"},
				"down": {"uv": [0, 0, 4, 2], "texture": "#1"}
			}
		},
		{
			"name": "ring",
			"from": [19, 0, 22],
			"to": [21, 1, 24],
			"rotation": {"angle": 0, "axis": "y", "origin": [23, 0, 22]},
			"faces": {
				"north": {"uv": [0, 0, 4, 1], "texture": "#1"},
				"east": {"uv": [0, 0, 2, 1], "texture": "#1"},
				"south": {"uv": [0, 0, 4, 1], "texture": "#1"},
				"west": {"uv": [0, 0, 2, 1], "texture": "#1"},
				"up": {"uv": [0, 0, 4, 2], "texture": "#1"},
				"down": {"uv": [0, 0, 4, 2], "texture": "#1"}
			}
		},
		{
			"name": "ring",
			"from": [20, 0, 21],
			"to": [22, 1, 22],
			"rotation": {"angle": 0, "axis": "y", "origin": [24, 0, 20]},
			"faces": {
				"north": {"uv": [0, 0, 4, 1], "texture": "#1"},
				"east": {"uv": [0, 0, 2, 1], "texture": "#1"},
				"south": {"uv": [0, 0, 4, 1], "texture": "#1"},
				"west": {"uv": [0, 0, 2, 1], "texture": "#1"},
				"up": {"uv": [0, 0, 4, 2], "texture": "#1"},
				"down": {"uv": [0, 0, 4, 2], "texture": "#1"}
			}
		},
		{
			"name": "ring",
			"from": [-6, 0, 21],
			"to": [-4, 1, 22],
			"rotation": {"angle": 0, "axis": "y", "origin": [-2, 0, 20]},
			"faces": {
				"north": {"uv": [0, 0, 4, 1], "texture": "#1"},
				"east": {"uv": [0, 0, 2, 1], "texture": "#1"},
				"south": {"uv": [0, 0, 4, 1], "texture": "#1"},
				"west": {"uv": [0, 0, 2, 1], "texture": "#1"},
				"up": {"uv": [0, 0, 4, 2], "texture": "#1"},
				"down": {"uv": [0, 0, 4, 2], "texture": "#1"}
			}
		},
		{
			"name": "ring",
			"from": [-6, 0, -6],
			"to": [-4, 1, -5],
			"rotation": {"angle": 0, "axis": "y", "origin": [-2, 0, -7]},
			"faces": {
				"north": {"uv": [0, 0, 4, 1], "texture": "#1"},
				"east": {"uv": [0, 0, 2, 1], "texture": "#1"},
				"south": {"uv": [0, 0, 4, 1], "texture": "#1"},
				"west": {"uv": [0, 0, 2, 1], "texture": "#1"},
				"up": {"uv": [0, 0, 4, 2], "texture": "#1"},
				"down": {"uv": [0, 0, 4, 2], "texture": "#1"}
			}
		},
		{
			"name": "ring",
			"from": [20, 0, -6],
			"to": [22, 1, -5],
			"rotation": {"angle": 0, "axis": "y", "origin": [24, 0, -7]},
			"faces": {
				"north": {"uv": [0, 0, 4, 1], "texture": "#1"},
				"east": {"uv": [0, 0, 2, 1], "texture": "#1"},
				"south": {"uv": [0, 0, 4, 1], "texture": "#1"},
				"west": {"uv": [0, 0, 2, 1], "texture": "#1"},
				"up": {"uv": [0, 0, 4, 2], "texture": "#1"},
				"down": {"uv": [0, 0, 4, 2], "texture": "#1"}
			}
		},
		{
			"name": "ring",
			"from": [21, 0, -5],
			"to": [22, 1, -4],
			"rotation": {"angle": 0, "axis": "y", "origin": [24, 0, -6]},
			"faces": {
				"north": {"uv": [0, 0, 4, 1], "texture": "#1"},
				"east": {"uv": [0, 0, 2, 1], "texture": "#1"},
				"south": {"uv": [0, 0, 4, 1], "texture": "#1"},
				"west": {"uv": [0, 0, 2, 1], "texture": "#1"},
				"up": {"uv": [0, 0, 4, 2], "texture": "#1"},
				"down": {"uv": [0, 0, 4, 2], "texture": "#1"}
			}
		},
		{
			"name": "ring",
			"from": [21, 0, 20],
			"to": [22, 1, 21],
			"rotation": {"angle": 0, "axis": "y", "origin": [24, 0, 19]},
			"faces": {
				"north": {"uv": [0, 0, 4, 1], "texture": "#1"},
				"east": {"uv": [0, 0, 2, 1], "texture": "#1"},
				"south": {"uv": [0, 0, 4, 1], "texture": "#1"},
				"west": {"uv": [0, 0, 2, 1], "texture": "#1"},
				"up": {"uv": [0, 0, 4, 2], "texture": "#1"},
				"down": {"uv": [0, 0, 4, 2], "texture": "#1"}
			}
		},
		{
			"name": "ring",
			"from": [-6, 0, 20],
			"to": [-5, 1, 21],
			"rotation": {"angle": 0, "axis": "y", "origin": [-3, 0, 19]},
			"faces": {
				"north": {"uv": [0, 0, 4, 1], "texture": "#1"},
				"east": {"uv": [0, 0, 2, 1], "texture": "#1"},
				"south": {"uv": [0, 0, 4, 1], "texture": "#1"},
				"west": {"uv": [0, 0, 2, 1], "texture": "#1"},
				"up": {"uv": [0, 0, 4, 2], "texture": "#1"},
				"down": {"uv": [0, 0, 4, 2], "texture": "#1"}
			}
		},
		{
			"name": "ring",
			"from": [-6, 0, -5],
			"to": [-5, 1, -4],
			"rotation": {"angle": 0, "axis": "y", "origin": [-3, 0, -6]},
			"faces": {
				"north": {"uv": [0, 0, 4, 1], "texture": "#1"},
				"east": {"uv": [0, 0, 2, 1], "texture": "#1"},
				"south": {"uv": [0, 0, 4, 1], "texture": "#1"},
				"west": {"uv": [0, 0, 2, 1], "texture": "#1"},
				"up": {"uv": [0, 0, 4, 2], "texture": "#1"},
				"down": {"uv": [0, 0, 4, 2], "texture": "#1"}
			}
		},
		{
			"name": "ring",
			"from": [21, 0, 22],
			"to": [22, 1, 23],
			"rotation": {"angle": 0, "axis": "y", "origin": [24, 0, 21]},
			"faces": {
				"north": {"uv": [0, 0, 4, 1], "texture": "#1"},
				"east": {"uv": [0, 0, 2, 1], "texture": "#1"},
				"south": {"uv": [0, 0, 4, 1], "texture": "#1"},
				"west": {"uv": [0, 0, 2, 1], "texture": "#1"},
				"up": {"uv": [0, 0, 4, 2], "texture": "#1"},
				"down": {"uv": [0, 0, 4, 2], "texture": "#1"}
			}
		},
		{
			"name": "ring",
			"from": [22, 0, 21],
			"to": [23, 1, 22],
			"rotation": {"angle": 0, "axis": "y", "origin": [25, 0, 20]},
			"faces": {
				"north": {"uv": [0, 0, 4, 1], "texture": "#1"},
				"east": {"uv": [0, 0, 2, 1], "texture": "#1"},
				"south": {"uv": [0, 0, 4, 1], "texture": "#1"},
				"west": {"uv": [0, 0, 2, 1], "texture": "#1"},
				"up": {"uv": [0, 0, 4, 2], "texture": "#1"},
				"down": {"uv": [0, 0, 4, 2], "texture": "#1"}
			}
		},
		{
			"name": "ring",
			"from": [22, 0, 19],
			"to": [24, 1, 21],
			"rotation": {"angle": 0, "axis": "y", "origin": [26, 0, 19]},
			"faces": {
				"north": {"uv": [0, 0, 4, 1], "texture": "#1"},
				"east": {"uv": [0, 0, 2, 1], "texture": "#1"},
				"south": {"uv": [0, 0, 4, 1], "texture": "#1"},
				"west": {"uv": [0, 0, 2, 1], "texture": "#1"},
				"up": {"uv": [0, 0, 4, 2], "texture": "#1"},
				"down": {"uv": [0, 0, 4, 2], "texture": "#1"}
			}
		},
		{
			"name": "ring",
			"from": [23, 0, 18],
			"to": [25, 1, 19],
			"rotation": {"angle": 0, "axis": "y", "origin": [27, 0, 18]},
			"faces": {
				"north": {"uv": [0, 0, 4, 1], "texture": "#1"},
				"east": {"uv": [0, 0, 2, 1], "texture": "#1"},
				"south": {"uv": [0, 0, 4, 1], "texture": "#1"},
				"west": {"uv": [0, 0, 2, 1], "texture": "#1"},
				"up": {"uv": [0, 0, 4, 2], "texture": "#1"},
				"down": {"uv": [0, 0, 4, 2], "texture": "#1"}
			}
		},
		{
			"name": "ring",
			"from": [24, 0, 16],
			"to": [26, 1, 18],
			"rotation": {"angle": 0, "axis": "y", "origin": [28, 0, 16]},
			"faces": {
				"north": {"uv": [0, 0, 4, 1], "texture": "#1"},
				"east": {"uv": [0, 0, 2, 1], "texture": "#1"},
				"south": {"uv": [0, 0, 4, 1], "texture": "#1"},
				"west": {"uv": [0, 0, 2, 1], "texture": "#1"},
				"up": {"uv": [0, 0, 4, 2], "texture": "#1"},
				"down": {"uv": [0, 0, 4, 2], "texture": "#1"}
			}
		},
		{
			"name": "ring",
			"from": [3, 0, -12],
			"to": [13, 1, -10],
			"rotation": {"angle": 0, "axis": "y", "origin": [7, 0, -10]},
			"faces": {
				"north": {"uv": [4, 0, 0, 1], "texture": "#1"},
				"east": {"uv": [2, 0, 0, 1], "texture": "#1"},
				"south": {"uv": [4, 0, 0, 1], "texture": "#1"},
				"west": {"uv": [2, 0, 0, 1], "texture": "#1"},
				"up": {"uv": [0, 2, 4, 0], "texture": "#1"},
				"down": {"uv": [0, 2, 4, 0], "texture": "#1"}
			}
		},
		{
			"name": "ring",
			"from": [13, 0, -11],
			"to": [16, 1, -9],
			"rotation": {"angle": 0, "axis": "y", "origin": [16, 0, -9]},
			"faces": {
				"north": {"uv": [4, 0, 0, 1], "texture": "#1"},
				"east": {"uv": [2, 0, 0, 1], "texture": "#1"},
				"south": {"uv": [4, 0, 0, 1], "texture": "#1"},
				"west": {"uv": [2, 0, 0, 1], "texture": "#1"},
				"up": {"uv": [0, 2, 4, 0], "texture": "#1"},
				"down": {"uv": [0, 2, 4, 0], "texture": "#1"}
			}
		},
		{
			"name": "ring",
			"from": [-11, 0, 0],
			"to": [-9, 1, 3],
			"rotation": {"angle": 0, "axis": "y", "origin": [-13, 0, 2]},
			"faces": {
				"north": {"uv": [0, 0, 4, 1], "texture": "#1"},
				"east": {"uv": [0, 0, 2, 1], "texture": "#1"},
				"south": {"uv": [0, 0, 4, 1], "texture": "#1"},
				"west": {"uv": [0, 0, 2, 1], "texture": "#1"},
				"up": {"uv": [4, 2, 0, 0], "texture": "#1"},
				"down": {"uv": [4, 2, 0, 0], "texture": "#1"}
			}
		},
		{
			"name": "ring",
			"from": [-10, 0, -2],
			"to": [-8, 1, 0],
			"rotation": {"angle": 0, "axis": "y", "origin": [-12, 0, 0]},
			"faces": {
				"north": {"uv": [0, 0, 4, 1], "texture": "#1"},
				"east": {"uv": [0, 0, 2, 1], "texture": "#1"},
				"south": {"uv": [0, 0, 4, 1], "texture": "#1"},
				"west": {"uv": [0, 0, 2, 1], "texture": "#1"},
				"up": {"uv": [4, 2, 0, 0], "texture": "#1"},
				"down": {"uv": [4, 2, 0, 0], "texture": "#1"}
			}
		},
		{
			"name": "ring",
			"from": [-9, 0, -3],
			"to": [-7, 1, -2],
			"rotation": {"angle": 0, "axis": "y", "origin": [-11, 0, -2]},
			"faces": {
				"north": {"uv": [0, 0, 4, 1], "texture": "#1"},
				"east": {"uv": [0, 0, 2, 1], "texture": "#1"},
				"south": {"uv": [0, 0, 4, 1], "texture": "#1"},
				"west": {"uv": [0, 0, 2, 1], "texture": "#1"},
				"up": {"uv": [4, 2, 0, 0], "texture": "#1"},
				"down": {"uv": [4, 2, 0, 0], "texture": "#1"}
			}
		},
		{
			"name": "ring",
			"from": [-8, 0, -5],
			"to": [-6, 1, -3],
			"rotation": {"angle": 0, "axis": "y", "origin": [-10, 0, -3]},
			"faces": {
				"north": {"uv": [0, 0, 4, 1], "texture": "#1"},
				"east": {"uv": [0, 0, 2, 1], "texture": "#1"},
				"south": {"uv": [0, 0, 4, 1], "texture": "#1"},
				"west": {"uv": [0, 0, 2, 1], "texture": "#1"},
				"up": {"uv": [4, 2, 0, 0], "texture": "#1"},
				"down": {"uv": [4, 2, 0, 0], "texture": "#1"}
			}
		},
		{
			"name": "ring",
			"from": [-7, 0, -6],
			"to": [-6, 1, -5],
			"rotation": {"angle": 0, "axis": "y", "origin": [-9, 0, -4]},
			"faces": {
				"north": {"uv": [0, 0, 4, 1], "texture": "#1"},
				"east": {"uv": [0, 0, 2, 1], "texture": "#1"},
				"south": {"uv": [0, 0, 4, 1], "texture": "#1"},
				"west": {"uv": [0, 0, 2, 1], "texture": "#1"},
				"up": {"uv": [4, 2, 0, 0], "texture": "#1"},
				"down": {"uv": [4, 2, 0, 0], "texture": "#1"}
			}
		},
		{
			"name": "ring",
			"from": [-6, 0, -7],
			"to": [-5, 1, -6],
			"rotation": {"angle": 0, "axis": "y", "origin": [-8, 0, -5]},
			"faces": {
				"north": {"uv": [0, 0, 4, 1], "texture": "#1"},
				"east": {"uv": [0, 0, 2, 1], "texture": "#1"},
				"south": {"uv": [0, 0, 4, 1], "texture": "#1"},
				"west": {"uv": [0, 0, 2, 1], "texture": "#1"},
				"up": {"uv": [4, 2, 0, 0], "texture": "#1"},
				"down": {"uv": [4, 2, 0, 0], "texture": "#1"}
			}
		},
		{
			"name": "ring",
			"from": [-5, 0, -8],
			"to": [-3, 1, -6],
			"rotation": {"angle": 0, "axis": "y", "origin": [-7, 0, -6]},
			"faces": {
				"north": {"uv": [0, 0, 4, 1], "texture": "#1"},
				"east": {"uv": [0, 0, 2, 1], "texture": "#1"},
				"south": {"uv": [0, 0, 4, 1], "texture": "#1"},
				"west": {"uv": [0, 0, 2, 1], "texture": "#1"},
				"up": {"uv": [4, 2, 0, 0], "texture": "#1"},
				"down": {"uv": [4, 2, 0, 0], "texture": "#1"}
			}
		},
		{
			"name": "ring",
			"from": [-3, 0, -9],
			"to": [-2, 1, -7],
			"rotation": {"angle": 0, "axis": "y", "origin": [-5, 0, -7]},
			"faces": {
				"north": {"uv": [0, 0, 4, 1], "texture": "#1"},
				"east": {"uv": [0, 0, 2, 1], "texture": "#1"},
				"south": {"uv": [0, 0, 4, 1], "texture": "#1"},
				"west": {"uv": [0, 0, 2, 1], "texture": "#1"},
				"up": {"uv": [4, 2, 0, 0], "texture": "#1"},
				"down": {"uv": [4, 2, 0, 0], "texture": "#1"}
			}
		},
		{
			"name": "ring",
			"from": [-2, 0, -10],
			"to": [0, 1, -8],
			"rotation": {"angle": 0, "axis": "y", "origin": [-3, 0, -8]},
			"faces": {
				"north": {"uv": [0, 0, 4, 1], "texture": "#1"},
				"east": {"uv": [0, 0, 2, 1], "texture": "#1"},
				"south": {"uv": [0, 0, 4, 1], "texture": "#1"},
				"west": {"uv": [0, 0, 2, 1], "texture": "#1"},
				"up": {"uv": [4, 2, 0, 0], "texture": "#1"},
				"down": {"uv": [4, 2, 0, 0], "texture": "#1"}
			}
		},
		{
			"name": "ring",
			"from": [0, 0, -11],
			"to": [3, 1, -9],
			"rotation": {"angle": 0, "axis": "y", "origin": [0, 0, -9]},
			"faces": {
				"north": {"uv": [0, 0, 4, 1], "texture": "#1"},
				"east": {"uv": [0, 0, 2, 1], "texture": "#1"},
				"south": {"uv": [0, 0, 4, 1], "texture": "#1"},
				"west": {"uv": [0, 0, 2, 1], "texture": "#1"},
				"up": {"uv": [4, 2, 0, 0], "texture": "#1"},
				"down": {"uv": [4, 2, 0, 0], "texture": "#1"}
			}
		},
		{
			"name": "ring",
			"from": [16, 0, -10],
			"to": [18, 1, -8],
			"rotation": {"angle": 0, "axis": "y", "origin": [19, 0, -8]},
			"faces": {
				"north": {"uv": [4, 0, 0, 1], "texture": "#1"},
				"east": {"uv": [2, 0, 0, 1], "texture": "#1"},
				"south": {"uv": [4, 0, 0, 1], "texture": "#1"},
				"west": {"uv": [2, 0, 0, 1], "texture": "#1"},
				"up": {"uv": [0, 2, 4, 0], "texture": "#1"},
				"down": {"uv": [0, 2, 4, 0], "texture": "#1"}
			}
		},
		{
			"name": "ring",
			"from": [18, 0, -9],
			"to": [19, 1, -7],
			"rotation": {"angle": 0, "axis": "y", "origin": [21, 0, -7]},
			"faces": {
				"north": {"uv": [4, 0, 0, 1], "texture": "#1"},
				"east": {"uv": [2, 0, 0, 1], "texture": "#1"},
				"south": {"uv": [4, 0, 0, 1], "texture": "#1"},
				"west": {"uv": [2, 0, 0, 1], "texture": "#1"},
				"up": {"uv": [0, 2, 4, 0], "texture": "#1"},
				"down": {"uv": [0, 2, 4, 0], "texture": "#1"}
			}
		},
		{
			"name": "ring",
			"from": [19, 0, -8],
			"to": [21, 1, -6],
			"rotation": {"angle": 0, "axis": "y", "origin": [23, 0, -6]},
			"faces": {
				"north": {"uv": [4, 0, 0, 1], "texture": "#1"},
				"east": {"uv": [2, 0, 0, 1], "texture": "#1"},
				"south": {"uv": [4, 0, 0, 1], "texture": "#1"},
				"west": {"uv": [2, 0, 0, 1], "texture": "#1"},
				"up": {"uv": [0, 2, 4, 0], "texture": "#1"},
				"down": {"uv": [0, 2, 4, 0], "texture": "#1"}
			}
		},
		{
			"name": "ring",
			"from": [21, 0, -7],
			"to": [22, 1, -6],
			"rotation": {"angle": 0, "axis": "y", "origin": [24, 0, -5]},
			"faces": {
				"north": {"uv": [4, 0, 0, 1], "texture": "#1"},
				"east": {"uv": [2, 0, 0, 1], "texture": "#1"},
				"south": {"uv": [4, 0, 0, 1], "texture": "#1"},
				"west": {"uv": [2, 0, 0, 1], "texture": "#1"},
				"up": {"uv": [0, 2, 4, 0], "texture": "#1"},
				"down": {"uv": [0, 2, 4, 0], "texture": "#1"}
			}
		},
		{
			"name": "ring",
			"from": [22, 0, -6],
			"to": [23, 1, -5],
			"rotation": {"angle": 0, "axis": "y", "origin": [25, 0, -4]},
			"faces": {
				"north": {"uv": [4, 0, 0, 1], "texture": "#1"},
				"east": {"uv": [2, 0, 0, 1], "texture": "#1"},
				"south": {"uv": [4, 0, 0, 1], "texture": "#1"},
				"west": {"uv": [2, 0, 0, 1], "texture": "#1"},
				"up": {"uv": [0, 2, 4, 0], "texture": "#1"},
				"down": {"uv": [0, 2, 4, 0], "texture": "#1"}
			}
		},
		{
			"name": "ring",
			"from": [22, 0, -5],
			"to": [24, 1, -3],
			"rotation": {"angle": 0, "axis": "y", "origin": [26, 0, -3]},
			"faces": {
				"north": {"uv": [4, 0, 0, 1], "texture": "#1"},
				"east": {"uv": [2, 0, 0, 1], "texture": "#1"},
				"south": {"uv": [4, 0, 0, 1], "texture": "#1"},
				"west": {"uv": [2, 0, 0, 1], "texture": "#1"},
				"up": {"uv": [0, 2, 4, 0], "texture": "#1"},
				"down": {"uv": [0, 2, 4, 0], "texture": "#1"}
			}
		},
		{
			"name": "ring",
			"from": [23, 0, -3],
			"to": [25, 1, -2],
			"rotation": {"angle": 0, "axis": "y", "origin": [27, 0, -2]},
			"faces": {
				"north": {"uv": [4, 0, 0, 1], "texture": "#1"},
				"east": {"uv": [2, 0, 0, 1], "texture": "#1"},
				"south": {"uv": [4, 0, 0, 1], "texture": "#1"},
				"west": {"uv": [2, 0, 0, 1], "texture": "#1"},
				"up": {"uv": [0, 2, 4, 0], "texture": "#1"},
				"down": {"uv": [0, 2, 4, 0], "texture": "#1"}
			}
		},
		{
			"name": "ring",
			"from": [24, 0, -2],
			"to": [26, 1, 0],
			"rotation": {"angle": 0, "axis": "y", "origin": [28, 0, 0]},
			"faces": {
				"north": {"uv": [4, 0, 0, 1], "texture": "#1"},
				"east": {"uv": [2, 0, 0, 1], "texture": "#1"},
				"south": {"uv": [4, 0, 0, 1], "texture": "#1"},
				"west": {"uv": [2, 0, 0, 1], "texture": "#1"},
				"up": {"uv": [0, 2, 4, 0], "texture": "#1"},
				"down": {"uv": [0, 2, 4, 0], "texture": "#1"}
			}
		},
		{
			"name": "ring",
			"from": [25, 0, 0],
			"to": [27, 1, 3],
			"rotation": {"angle": 0, "axis": "y", "origin": [29, 0, 2]},
			"faces": {
				"north": {"uv": [4, 0, 0, 1], "texture": "#1"},
				"east": {"uv": [2, 0, 0, 1], "texture": "#1"},
				"south": {"uv": [4, 0, 0, 1], "texture": "#1"},
				"west": {"uv": [2, 0, 0, 1], "texture": "#1"},
				"up": {"uv": [0, 2, 4, 0], "texture": "#1"},
				"down": {"uv": [0, 2, 4, 0], "texture": "#1"}
			}
		},
		{
			"name": "ring",
			"from": [26, 0, 3],
			"to": [28, 1, 13],
			"rotation": {"angle": 0, "axis": "y", "origin": [30, 0, 5]},
			"faces": {
				"north": {"uv": [4, 0, 0, 1], "texture": "#1"},
				"east": {"uv": [2, 0, 0, 1], "texture": "#1"},
				"south": {"uv": [4, 0, 0, 1], "texture": "#1"},
				"west": {"uv": [2, 0, 0, 1], "texture": "#1"},
				"up": {"uv": [0, 2, 4, 0], "texture": "#1"},
				"down": {"uv": [0, 2, 4, 0], "texture": "#1"}
			}
		},
		{
			"name": "ring",
			"from": [-12, 0, 3],
			"to": [-10, 1, 13],
			"rotation": {"angle": 0, "axis": "y", "origin": [-9, 0, 5]},
			"faces": {
				"north": {"uv": [4, 0, 0, 1], "texture": "#1"},
				"east": {"uv": [2, 0, 0, 1], "texture": "#1"},
				"south": {"uv": [4, 0, 0, 1], "texture": "#1"},
				"west": {"uv": [2, 0, 0, 1], "texture": "#1"},
				"up": {"uv": [0, 2, 4, 0], "texture": "#1"},
				"down": {"uv": [0, 2, 4, 0], "texture": "#1"}
			}
		},
		{
			"name": "ring",
			"from": [25, 0, 13],
			"to": [27, 1, 16],
			"rotation": {"angle": 0, "axis": "y", "origin": [29, 0, 14]},
			"faces": {
				"north": {"uv": [0, 0, 4, 1], "texture": "#1"},
				"east": {"uv": [0, 0, 2, 1], "texture": "#1"},
				"south": {"uv": [0, 0, 4, 1], "texture": "#1"},
				"west": {"uv": [0, 0, 2, 1], "texture": "#1"},
				"up": {"uv": [0, 0, 4, 2], "texture": "#1"},
				"down": {"uv": [0, 0, 4, 2], "texture": "#1"}
			}
		},
		{
			"name": "tooth",
			"from": [8, 0, 28],
			"to": [10, 1, 32],
			"rotation": {"angle": 0, "axis": "y", "origin": [8, 0, 30]},
			"faces": {
				"north": {"uv": [0, 0, 2, 1], "texture": "#2"},
				"east": {"uv": [0, 0, 2, 1], "texture": "#2"},
				"south": {"uv": [0, 0, 2, 1], "texture": "#2"},
				"west": {"uv": [0, 0, 2, 1], "texture": "#2"},
				"up": {"uv": [0, 0, 2, 2], "rotation": 90, "texture": "#2"},
				"down": {"uv": [0, 0, 2, 2], "rotation": 270, "texture": "#2"}
			}
		},
		{
			"name": "tooth",
			"from": [-14, 0, 4],
			"to": [-12, 1, 5],
			"rotation": {"angle": 0, "axis": "y", "origin": [-15, 0, 5]},
			"faces": {
				"north": {"uv": [2, 0, 0, 1], "texture": "#2"},
				"east": {"uv": [2, 0, 0, 1], "texture": "#2"},
				"south": {"uv": [2, 0, 0, 1], "texture": "#2"},
				"west": {"uv": [2, 0, 0, 1], "texture": "#2"},
				"up": {"uv": [2, 0, 0, 2], "rotation": 90, "texture": "#2"},
				"down": {"uv": [2, 0, 0, 2], "rotation": 270, "texture": "#2"}
			}
		},
		{
			"name": "tooth",
			"from": [-14, 0, 3],
			"to": [-12, 1, 4],
			"rotation": {"angle": 0, "axis": "y", "origin": [-15, 0, 4]},
			"faces": {
				"north": {"uv": [2, 0, 0, 1], "texture": "#2"},
				"east": {"uv": [2, 0, 0, 1], "texture": "#2"},
				"south": {"uv": [2, 0, 0, 1], "texture": "#2"},
				"west": {"uv": [2, 0, 0, 1], "texture": "#2"},
				"up": {"uv": [2, 0, 0, 2], "rotation": 90, "texture": "#2"},
				"down": {"uv": [2, 0, 0, 2], "rotation": 270, "texture": "#2"}
			}
		},
		{
			"name": "tooth",
			"from": [-8, 0, -7],
			"to": [-7, 1, -5],
			"rotation": {"angle": 0, "axis": "y", "origin": [-9, 0, -6]},
			"faces": {
				"north": {"uv": [2, 0, 0, 1], "texture": "#2"},
				"east": {"uv": [2, 0, 0, 1], "texture": "#2"},
				"south": {"uv": [2, 0, 0, 1], "texture": "#2"},
				"west": {"uv": [2, 0, 0, 1], "texture": "#2"},
				"up": {"uv": [2, 0, 0, 2], "rotation": 90, "texture": "#2"},
				"down": {"uv": [2, 0, 0, 2], "rotation": 270, "texture": "#2"}
			}
		},
		{
			"name": "tooth",
			"from": [-7, 0, -7],
			"to": [-6, 1, -6],
			"rotation": {"angle": 0, "axis": "y", "origin": [-8, 0, -7]},
			"faces": {
				"north": {"uv": [2, 0, 0, 1], "texture": "#2"},
				"east": {"uv": [2, 0, 0, 1], "texture": "#2"},
				"south": {"uv": [2, 0, 0, 1], "texture": "#2"},
				"west": {"uv": [2, 0, 0, 1], "texture": "#2"},
				"up": {"uv": [2, 0, 0, 2], "rotation": 90, "texture": "#2"},
				"down": {"uv": [2, 0, 0, 2], "rotation": 270, "texture": "#2"}
			}
		},
		{
			"name": "tooth",
			"from": [-4, 0, -12],
			"to": [-3, 1, -11],
			"rotation": {"angle": 0, "axis": "y", "origin": [-5, 0, -12]},
			"faces": {
				"north": {"uv": [2, 0, 0, 1], "texture": "#2"},
				"east": {"uv": [2, 0, 0, 1], "texture": "#2"},
				"south": {"uv": [2, 0, 0, 1], "texture": "#2"},
				"west": {"uv": [2, 0, 0, 1], "texture": "#2"},
				"up": {"uv": [2, 0, 0, 2], "rotation": 90, "texture": "#2"},
				"down": {"uv": [2, 0, 0, 2], "rotation": 270, "texture": "#2"}
			}
		},
		{
			"name": "tooth",
			"from": [1, 0, -13],
			"to": [3, 1, -11],
			"rotation": {"angle": 0, "axis": "y", "origin": [0, 0, -12]},
			"faces": {
				"north": {"uv": [2, 0, 0, 1], "texture": "#2"},
				"east": {"uv": [2, 0, 0, 1], "texture": "#2"},
				"south": {"uv": [2, 0, 0, 1], "texture": "#2"},
				"west": {"uv": [2, 0, 0, 1], "texture": "#2"},
				"up": {"uv": [2, 0, 0, 2], "rotation": 90, "texture": "#2"},
				"down": {"uv": [2, 0, 0, 2], "rotation": 270, "texture": "#2"}
			}
		},
		{
			"name": "tooth",
			"from": [-8, 0, -8],
			"to": [-7, 1, -7],
			"rotation": {"angle": 0, "axis": "y", "origin": [-9, 0, -8]},
			"faces": {
				"north": {"uv": [2, 0, 0, 1], "texture": "#2"},
				"east": {"uv": [2, 0, 0, 1], "texture": "#2"},
				"south": {"uv": [2, 0, 0, 1], "texture": "#2"},
				"west": {"uv": [2, 0, 0, 1], "texture": "#2"},
				"up": {"uv": [2, 0, 0, 2], "rotation": 90, "texture": "#2"},
				"down": {"uv": [2, 0, 0, 2], "rotation": 270, "texture": "#2"}
			}
		},
		{
			"name": "tooth",
			"from": [-13, 0, -2],
			"to": [-12, 1, -1],
			"rotation": {"angle": 0, "axis": "y", "origin": [-14, 0, -2]},
			"faces": {
				"north": {"uv": [2, 0, 0, 1], "texture": "#2"},
				"east": {"uv": [2, 0, 0, 1], "texture": "#2"},
				"south": {"uv": [2, 0, 0, 1], "texture": "#2"},
				"west": {"uv": [2, 0, 0, 1], "texture": "#2"},
				"up": {"uv": [2, 0, 0, 2], "rotation": 90, "texture": "#2"},
				"down": {"uv": [2, 0, 0, 2], "rotation": 270, "texture": "#2"}
			}
		},
		{
			"name": "tooth",
			"from": [-12, 0, -3],
			"to": [-11, 1, -2],
			"rotation": {"angle": 0, "axis": "y", "origin": [-13, 0, -3]},
			"faces": {
				"north": {"uv": [2, 0, 0, 1], "texture": "#2"},
				"east": {"uv": [2, 0, 0, 1], "texture": "#2"},
				"south": {"uv": [2, 0, 0, 1], "texture": "#2"},
				"west": {"uv": [2, 0, 0, 1], "texture": "#2"},
				"up": {"uv": [2, 0, 0, 2], "rotation": 90, "texture": "#2"},
				"down": {"uv": [2, 0, 0, 2], "rotation": 270, "texture": "#2"}
			}
		},
		{
			"name": "tooth",
			"from": [-9, 0, -7],
			"to": [-8, 1, -6],
			"rotation": {"angle": 0, "axis": "y", "origin": [-10, 0, -7]},
			"faces": {
				"north": {"uv": [2, 0, 0, 1], "texture": "#2"},
				"east": {"uv": [2, 0, 0, 1], "texture": "#2"},
				"south": {"uv": [2, 0, 0, 1], "texture": "#2"},
				"west": {"uv": [2, 0, 0, 1], "texture": "#2"},
				"up": {"uv": [2, 0, 0, 2], "rotation": 90, "texture": "#2"},
				"down": {"uv": [2, 0, 0, 2], "rotation": 270, "texture": "#2"}
			}
		},
		{
			"name": "tooth",
			"from": [-16, 0, 2],
			"to": [-14, 1, 4],
			"rotation": {"angle": 0, "axis": "y", "origin": [-16, 0, 3]},
			"faces": {
				"north": {"uv": [2, 0, 0, 1], "texture": "#2"},
				"east": {"uv": [2, 0, 0, 1], "texture": "#2"},
				"south": {"uv": [2, 0, 0, 1], "texture": "#2"},
				"west": {"uv": [2, 0, 0, 1], "texture": "#2"},
				"up": {"uv": [2, 0, 0, 2], "rotation": 90, "texture": "#2"},
				"down": {"uv": [2, 0, 0, 2], "rotation": 270, "texture": "#2"}
			}
		},
		{
			"name": "tooth",
			"from": [-14, 0, -4],
			"to": [-12, 1, -2],
			"rotation": {"angle": 0, "axis": "y", "origin": [-14, 0, -3]},
			"faces": {
				"north": {"uv": [2, 0, 0, 1], "texture": "#2"},
				"east": {"uv": [2, 0, 0, 1], "texture": "#2"},
				"south": {"uv": [2, 0, 0, 1], "texture": "#2"},
				"west": {"uv": [2, 0, 0, 1], "texture": "#2"},
				"up": {"uv": [2, 0, 0, 2], "rotation": 90, "texture": "#2"},
				"down": {"uv": [2, 0, 0, 2], "rotation": 270, "texture": "#2"}
			}
		},
		{
			"name": "tooth",
			"from": [-12, 0, -2],
			"to": [-10, 1, 0],
			"rotation": {"angle": 0, "axis": "y", "origin": [-12, 0, -1]},
			"faces": {
				"north": {"uv": [2, 0, 0, 1], "texture": "#2"},
				"east": {"uv": [2, 0, 0, 1], "texture": "#2"},
				"south": {"uv": [2, 0, 0, 1], "texture": "#2"},
				"west": {"uv": [2, 0, 0, 1], "texture": "#2"},
				"up": {"uv": [2, 0, 0, 2], "rotation": 90, "texture": "#2"},
				"down": {"uv": [2, 0, 0, 2], "rotation": 270, "texture": "#2"}
			}
		},
		{
			"name": "tooth",
			"from": [-10, 0, -9],
			"to": [-8, 1, -7],
			"rotation": {"angle": 0, "axis": "y", "origin": [-10, 0, -8]},
			"faces": {
				"north": {"uv": [2, 0, 0, 1], "texture": "#2"},
				"east": {"uv": [2, 0, 0, 1], "texture": "#2"},
				"south": {"uv": [2, 0, 0, 1], "texture": "#2"},
				"west": {"uv": [2, 0, 0, 1], "texture": "#2"},
				"up": {"uv": [2, 0, 0, 2], "rotation": 90, "texture": "#2"},
				"down": {"uv": [2, 0, 0, 2], "rotation": 270, "texture": "#2"}
			}
		},
		{
			"name": "tooth",
			"from": [-5, 0, -13],
			"to": [-4, 1, -12],
			"rotation": {"angle": 0, "axis": "y", "origin": [-4, 0, -14]},
			"faces": {
				"north": {"uv": [0, 0, 2, 1], "texture": "#2"},
				"east": {"uv": [0, 0, 2, 1], "texture": "#2"},
				"south": {"uv": [0, 0, 2, 1], "texture": "#2"},
				"west": {"uv": [0, 0, 2, 1], "texture": "#2"},
				"up": {"uv": [2, 2, 0, 0], "rotation": 90, "texture": "#2"},
				"down": {"uv": [2, 2, 0, 0], "rotation": 270, "texture": "#2"}
			}
		},
		{
			"name": "tooth",
			"from": [-6, 0, -13],
			"to": [-5, 1, -11],
			"rotation": {"angle": 0, "axis": "y", "origin": [-5, 0, -13]},
			"faces": {
				"north": {"uv": [0, 0, 2, 1], "texture": "#2"},
				"east": {"uv": [0, 0, 2, 1], "texture": "#2"},
				"south": {"uv": [0, 0, 2, 1], "texture": "#2"},
				"west": {"uv": [0, 0, 2, 1], "texture": "#2"},
				"up": {"uv": [2, 2, 0, 0], "rotation": 90, "texture": "#2"},
				"down": {"uv": [2, 2, 0, 0], "rotation": 270, "texture": "#2"}
			}
		},
		{
			"name": "tooth",
			"from": [-5, 0, -12],
			"to": [-4, 1, -10],
			"rotation": {"angle": 0, "axis": "y", "origin": [-4, 0, -12]},
			"faces": {
				"north": {"uv": [0, 0, 2, 1], "texture": "#2"},
				"east": {"uv": [0, 0, 2, 1], "texture": "#2"},
				"south": {"uv": [0, 0, 2, 1], "texture": "#2"},
				"west": {"uv": [0, 0, 2, 1], "texture": "#2"},
				"up": {"uv": [2, 2, 0, 0], "rotation": 90, "texture": "#2"},
				"down": {"uv": [2, 2, 0, 0], "rotation": 270, "texture": "#2"}
			}
		},
		{
			"name": "tooth",
			"from": [-4, 0, -11],
			"to": [-2, 1, -9],
			"rotation": {"angle": 0, "axis": "y", "origin": [-2, 0, -11]},
			"faces": {
				"north": {"uv": [0, 0, 2, 1], "texture": "#2"},
				"east": {"uv": [0, 0, 2, 1], "texture": "#2"},
				"south": {"uv": [0, 0, 2, 1], "texture": "#2"},
				"west": {"uv": [0, 0, 2, 1], "texture": "#2"},
				"up": {"uv": [2, 2, 0, 0], "rotation": 90, "texture": "#2"},
				"down": {"uv": [2, 2, 0, 0], "rotation": 270, "texture": "#2"}
			}
		},
		{
			"name": "tooth",
			"from": [0, 0, -15],
			"to": [2, 1, -13],
			"rotation": {"angle": 0, "axis": "y", "origin": [2, 0, -15]},
			"faces": {
				"north": {"uv": [0, 0, 2, 1], "texture": "#2"},
				"east": {"uv": [0, 0, 2, 1], "texture": "#2"},
				"south": {"uv": [0, 0, 2, 1], "texture": "#2"},
				"west": {"uv": [0, 0, 2, 1], "texture": "#2"},
				"up": {"uv": [2, 2, 0, 0], "rotation": 90, "texture": "#2"},
				"down": {"uv": [2, 2, 0, 0], "rotation": 270, "texture": "#2"}
			}
		},
		{
			"name": "tooth",
			"from": [6, 0, -16],
			"to": [8, 1, -12],
			"rotation": {"angle": 0, "axis": "y", "origin": [8, 0, -14]},
			"faces": {
				"north": {"uv": [0, 0, 2, 1], "texture": "#2"},
				"east": {"uv": [0, 0, 2, 1], "texture": "#2"},
				"south": {"uv": [0, 0, 2, 1], "texture": "#2"},
				"west": {"uv": [0, 0, 2, 1], "texture": "#2"},
				"up": {"uv": [2, 2, 0, 0], "rotation": 90, "texture": "#2"},
				"down": {"uv": [2, 2, 0, 0], "rotation": 270, "texture": "#2"}
			}
		},
		{
			"name": "tooth",
			"from": [4, 0, 28],
			"to": [5, 1, 30],
			"rotation": {"angle": 0, "axis": "y", "origin": [5, 0, 31]},
			"faces": {
				"north": {"uv": [2, 0, 0, 1], "texture": "#2"},
				"east": {"uv": [2, 0, 0, 1], "texture": "#2"},
				"south": {"uv": [2, 0, 0, 1], "texture": "#2"},
				"west": {"uv": [2, 0, 0, 1], "texture": "#2"},
				"up": {"uv": [2, 0, 0, 2], "texture": "#2"},
				"down": {"uv": [2, 0, 0, 2], "texture": "#2"}
			}
		},
		{
			"name": "tooth",
			"from": [3, 0, 28],
			"to": [4, 1, 30],
			"rotation": {"angle": 0, "axis": "y", "origin": [4, 0, 31]},
			"faces": {
				"north": {"uv": [2, 0, 0, 1], "texture": "#2"},
				"east": {"uv": [2, 0, 0, 1], "texture": "#2"},
				"south": {"uv": [2, 0, 0, 1], "texture": "#2"},
				"west": {"uv": [2, 0, 0, 1], "texture": "#2"},
				"up": {"uv": [2, 0, 0, 2], "texture": "#2"},
				"down": {"uv": [2, 0, 0, 2], "texture": "#2"}
			}
		},
		{
			"name": "tooth",
			"from": [-7, 0, 23],
			"to": [-5, 1, 24],
			"rotation": {"angle": 0, "axis": "y", "origin": [-6, 0, 25]},
			"faces": {
				"north": {"uv": [2, 0, 0, 1], "texture": "#2"},
				"east": {"uv": [2, 0, 0, 1], "texture": "#2"},
				"south": {"uv": [2, 0, 0, 1], "texture": "#2"},
				"west": {"uv": [2, 0, 0, 1], "texture": "#2"},
				"up": {"uv": [2, 0, 0, 2], "texture": "#2"},
				"down": {"uv": [2, 0, 0, 2], "texture": "#2"}
			}
		},
		{
			"name": "tooth",
			"from": [-7, 0, 22],
			"to": [-6, 1, 23],
			"rotation": {"angle": 0, "axis": "y", "origin": [-7, 0, 24]},
			"faces": {
				"north": {"uv": [2, 0, 0, 1], "texture": "#2"},
				"east": {"uv": [2, 0, 0, 1], "texture": "#2"},
				"south": {"uv": [2, 0, 0, 1], "texture": "#2"},
				"west": {"uv": [2, 0, 0, 1], "texture": "#2"},
				"up": {"uv": [2, 0, 0, 2], "texture": "#2"},
				"down": {"uv": [2, 0, 0, 2], "texture": "#2"}
			}
		},
		{
			"name": "tooth",
			"from": [-12, 0, 19],
			"to": [-11, 1, 20],
			"rotation": {"angle": 0, "axis": "y", "origin": [-12, 0, 21]},
			"faces": {
				"north": {"uv": [2, 0, 0, 1], "texture": "#2"},
				"east": {"uv": [2, 0, 0, 1], "texture": "#2"},
				"south": {"uv": [2, 0, 0, 1], "texture": "#2"},
				"west": {"uv": [2, 0, 0, 1], "texture": "#2"},
				"up": {"uv": [2, 0, 0, 2], "texture": "#2"},
				"down": {"uv": [2, 0, 0, 2], "texture": "#2"}
			}
		},
		{
			"name": "tooth",
			"from": [-13, 0, 13],
			"to": [-11, 1, 15],
			"rotation": {"angle": 0, "axis": "y", "origin": [-12, 0, 16]},
			"faces": {
				"north": {"uv": [2, 0, 0, 1], "texture": "#2"},
				"east": {"uv": [2, 0, 0, 1], "texture": "#2"},
				"south": {"uv": [2, 0, 0, 1], "texture": "#2"},
				"west": {"uv": [2, 0, 0, 1], "texture": "#2"},
				"up": {"uv": [2, 0, 0, 2], "texture": "#2"},
				"down": {"uv": [2, 0, 0, 2], "texture": "#2"}
			}
		},
		{
			"name": "tooth",
			"from": [-8, 0, 23],
			"to": [-7, 1, 24],
			"rotation": {"angle": 0, "axis": "y", "origin": [-8, 0, 25]},
			"faces": {
				"north": {"uv": [2, 0, 0, 1], "texture": "#2"},
				"east": {"uv": [2, 0, 0, 1], "texture": "#2"},
				"south": {"uv": [2, 0, 0, 1], "texture": "#2"},
				"west": {"uv": [2, 0, 0, 1], "texture": "#2"},
				"up": {"uv": [2, 0, 0, 2], "texture": "#2"},
				"down": {"uv": [2, 0, 0, 2], "texture": "#2"}
			}
		},
		{
			"name": "tooth",
			"from": [-2, 0, 28],
			"to": [-1, 1, 29],
			"rotation": {"angle": 0, "axis": "y", "origin": [-2, 0, 30]},
			"faces": {
				"north": {"uv": [2, 0, 0, 1], "texture": "#2"},
				"east": {"uv": [2, 0, 0, 1], "texture": "#2"},
				"south": {"uv": [2, 0, 0, 1], "texture": "#2"},
				"west": {"uv": [2, 0, 0, 1], "texture": "#2"},
				"up": {"uv": [2, 0, 0, 2], "texture": "#2"},
				"down": {"uv": [2, 0, 0, 2], "texture": "#2"}
			}
		},
		{
			"name": "tooth",
			"from": [-3, 0, 27],
			"to": [-2, 1, 28],
			"rotation": {"angle": 0, "axis": "y", "origin": [-3, 0, 29]},
			"faces": {
				"north": {"uv": [2, 0, 0, 1], "texture": "#2"},
				"east": {"uv": [2, 0, 0, 1], "texture": "#2"},
				"south": {"uv": [2, 0, 0, 1], "texture": "#2"},
				"west": {"uv": [2, 0, 0, 1], "texture": "#2"},
				"up": {"uv": [2, 0, 0, 2], "texture": "#2"},
				"down": {"uv": [2, 0, 0, 2], "texture": "#2"}
			}
		},
		{
			"name": "tooth",
			"from": [-7, 0, 24],
			"to": [-6, 1, 25],
			"rotation": {"angle": 0, "axis": "y", "origin": [-7, 0, 26]},
			"faces": {
				"north": {"uv": [2, 0, 0, 1], "texture": "#2"},
				"east": {"uv": [2, 0, 0, 1], "texture": "#2"},
				"south": {"uv": [2, 0, 0, 1], "texture": "#2"},
				"west": {"uv": [2, 0, 0, 1], "texture": "#2"},
				"up": {"uv": [2, 0, 0, 2], "texture": "#2"},
				"down": {"uv": [2, 0, 0, 2], "texture": "#2"}
			}
		},
		{
			"name": "tooth",
			"from": [2, 0, 30],
			"to": [4, 1, 32],
			"rotation": {"angle": 0, "axis": "y", "origin": [3, 0, 32]},
			"faces": {
				"north": {"uv": [2, 0, 0, 1], "texture": "#2"},
				"east": {"uv": [2, 0, 0, 1], "texture": "#2"},
				"south": {"uv": [2, 0, 0, 1], "texture": "#2"},
				"west": {"uv": [2, 0, 0, 1], "texture": "#2"},
				"up": {"uv": [2, 0, 0, 2], "texture": "#2"},
				"down": {"uv": [2, 0, 0, 2], "texture": "#2"}
			}
		},
		{
			"name": "tooth",
			"from": [-4, 0, 28],
			"to": [-2, 1, 30],
			"rotation": {"angle": 0, "axis": "y", "origin": [-3, 0, 30]},
			"faces": {
				"north": {"uv": [2, 0, 0, 1], "texture": "#2"},
				"east": {"uv": [2, 0, 0, 1], "texture": "#2"},
				"south": {"uv": [2, 0, 0, 1], "texture": "#2"},
				"west": {"uv": [2, 0, 0, 1], "texture": "#2"},
				"up": {"uv": [2, 0, 0, 2], "texture": "#2"},
				"down": {"uv": [2, 0, 0, 2], "texture": "#2"}
			}
		},
		{
			"name": "tooth",
			"from": [-2, 0, 26],
			"to": [0, 1, 28],
			"rotation": {"angle": 0, "axis": "y", "origin": [-1, 0, 28]},
			"faces": {
				"north": {"uv": [2, 0, 0, 1], "texture": "#2"},
				"east": {"uv": [2, 0, 0, 1], "texture": "#2"},
				"south": {"uv": [2, 0, 0, 1], "texture": "#2"},
				"west": {"uv": [2, 0, 0, 1], "texture": "#2"},
				"up": {"uv": [2, 0, 0, 2], "texture": "#2"},
				"down": {"uv": [2, 0, 0, 2], "texture": "#2"}
			}
		},
		{
			"name": "tooth",
			"from": [-9, 0, 24],
			"to": [-7, 1, 26],
			"rotation": {"angle": 0, "axis": "y", "origin": [-8, 0, 26]},
			"faces": {
				"north": {"uv": [2, 0, 0, 1], "texture": "#2"},
				"east": {"uv": [2, 0, 0, 1], "texture": "#2"},
				"south": {"uv": [2, 0, 0, 1], "texture": "#2"},
				"west": {"uv": [2, 0, 0, 1], "texture": "#2"},
				"up": {"uv": [2, 0, 0, 2], "texture": "#2"},
				"down": {"uv": [2, 0, 0, 2], "texture": "#2"}
			}
		},
		{
			"name": "tooth",
			"from": [-13, 0, 20],
			"to": [-12, 1, 21],
			"rotation": {"angle": 0, "axis": "y", "origin": [-14, 0, 20]},
			"faces": {
				"north": {"uv": [0, 0, 2, 1], "texture": "#2"},
				"east": {"uv": [0, 0, 2, 1], "texture": "#2"},
				"south": {"uv": [0, 0, 2, 1], "texture": "#2"},
				"west": {"uv": [0, 0, 2, 1], "texture": "#2"},
				"up": {"uv": [2, 2, 0, 0], "texture": "#2"},
				"down": {"uv": [2, 2, 0, 0], "texture": "#2"}
			}
		},
		{
			"name": "tooth",
			"from": [-13, 0, 21],
			"to": [-11, 1, 22],
			"rotation": {"angle": 0, "axis": "y", "origin": [-13, 0, 21]},
			"faces": {
				"north": {"uv": [0, 0, 2, 1], "texture": "#2"},
				"east": {"uv": [0, 0, 2, 1], "texture": "#2"},
				"south": {"uv": [0, 0, 2, 1], "texture": "#2"},
				"west": {"uv": [0, 0, 2, 1], "texture": "#2"},
				"up": {"uv": [2, 2, 0, 0], "texture": "#2"},
				"down": {"uv": [2, 2, 0, 0], "texture": "#2"}
			}
		},
		{
			"name": "tooth",
			"from": [-12, 0, 20],
			"to": [-10, 1, 21],
			"rotation": {"angle": 0, "axis": "y", "origin": [-12, 0, 20]},
			"faces": {
				"north": {"uv": [0, 0, 2, 1], "texture": "#2"},
				"east": {"uv": [0, 0, 2, 1], "texture": "#2"},
				"south": {"uv": [0, 0, 2, 1], "texture": "#2"},
				"west": {"uv": [0, 0, 2, 1], "texture": "#2"},
				"up": {"uv": [2, 2, 0, 0], "texture": "#2"},
				"down": {"uv": [2, 2, 0, 0], "texture": "#2"}
			}
		},
		{
			"name": "tooth",
			"from": [-11, 0, 18],
			"to": [-9, 1, 20],
			"rotation": {"angle": 0, "axis": "y", "origin": [-11, 0, 18]},
			"faces": {
				"north": {"uv": [0, 0, 2, 1], "texture": "#2"},
				"east": {"uv": [0, 0, 2, 1], "texture": "#2"},
				"south": {"uv": [0, 0, 2, 1], "texture": "#2"},
				"west": {"uv": [0, 0, 2, 1], "texture": "#2"},
				"up": {"uv": [2, 2, 0, 0], "texture": "#2"},
				"down": {"uv": [2, 2, 0, 0], "texture": "#2"}
			}
		},
		{
			"name": "tooth",
			"from": [-15, 0, 14],
			"to": [-13, 1, 16],
			"rotation": {"angle": 0, "axis": "y", "origin": [-15, 0, 14]},
			"faces": {
				"north": {"uv": [0, 0, 2, 1], "texture": "#2"},
				"east": {"uv": [0, 0, 2, 1], "texture": "#2"},
				"south": {"uv": [0, 0, 2, 1], "texture": "#2"},
				"west": {"uv": [0, 0, 2, 1], "texture": "#2"},
				"up": {"uv": [2, 2, 0, 0], "texture": "#2"},
				"down": {"uv": [2, 2, 0, 0], "texture": "#2"}
			}
		},
		{
			"name": "tooth",
			"from": [-16, 0, 8],
			"to": [-12, 1, 10],
			"rotation": {"angle": 0, "axis": "y", "origin": [-14, 0, 8]},
			"faces": {
				"north": {"uv": [0, 0, 2, 1], "texture": "#2"},
				"east": {"uv": [0, 0, 2, 1], "texture": "#2"},
				"south": {"uv": [0, 0, 2, 1], "texture": "#2"},
				"west": {"uv": [0, 0, 2, 1], "texture": "#2"},
				"up": {"uv": [2, 2, 0, 0], "texture": "#2"},
				"down": {"uv": [2, 2, 0, 0], "texture": "#2"}
			}
		},
		{
			"name": "tooth",
			"from": [11, 0, -14],
			"to": [12, 1, -12],
			"rotation": {"angle": 0, "axis": "y", "origin": [11, 0, -15]},
			"faces": {
				"north": {"uv": [2, 0, 0, 1], "texture": "#2"},
				"east": {"uv": [2, 0, 0, 1], "texture": "#2"},
				"south": {"uv": [2, 0, 0, 1], "texture": "#2"},
				"west": {"uv": [2, 0, 0, 1], "texture": "#2"},
				"up": {"uv": [0, 2, 2, 0], "texture": "#2"},
				"down": {"uv": [0, 2, 2, 0], "texture": "#2"}
			}
		},
		{
			"name": "tooth",
			"from": [12, 0, -14],
			"to": [13, 1, -12],
			"rotation": {"angle": 0, "axis": "y", "origin": [12, 0, -15]},
			"faces": {
				"north": {"uv": [2, 0, 0, 1], "texture": "#2"},
				"east": {"uv": [2, 0, 0, 1], "texture": "#2"},
				"south": {"uv": [2, 0, 0, 1], "texture": "#2"},
				"west": {"uv": [2, 0, 0, 1], "texture": "#2"},
				"up": {"uv": [0, 2, 2, 0], "texture": "#2"},
				"down": {"uv": [0, 2, 2, 0], "texture": "#2"}
			}
		},
		{
			"name": "tooth",
			"from": [21, 0, -8],
			"to": [23, 1, -7],
			"rotation": {"angle": 0, "axis": "y", "origin": [22, 0, -9]},
			"faces": {
				"north": {"uv": [2, 0, 0, 1], "texture": "#2"},
				"east": {"uv": [2, 0, 0, 1], "texture": "#2"},
				"south": {"uv": [2, 0, 0, 1], "texture": "#2"},
				"west": {"uv": [2, 0, 0, 1], "texture": "#2"},
				"up": {"uv": [0, 2, 2, 0], "texture": "#2"},
				"down": {"uv": [0, 2, 2, 0], "texture": "#2"}
			}
		},
		{
			"name": "tooth",
			"from": [22, 0, -7],
			"to": [23, 1, -6],
			"rotation": {"angle": 0, "axis": "y", "origin": [23, 0, -8]},
			"faces": {
				"north": {"uv": [2, 0, 0, 1], "texture": "#2"},
				"east": {"uv": [2, 0, 0, 1], "texture": "#2"},
				"south": {"uv": [2, 0, 0, 1], "texture": "#2"},
				"west": {"uv": [2, 0, 0, 1], "texture": "#2"},
				"up": {"uv": [0, 2, 2, 0], "texture": "#2"},
				"down": {"uv": [0, 2, 2, 0], "texture": "#2"}
			}
		},
		{
			"name": "tooth",
			"from": [27, 0, -4],
			"to": [28, 1, -3],
			"rotation": {"angle": 0, "axis": "y", "origin": [28, 0, -5]},
			"faces": {
				"north": {"uv": [2, 0, 0, 1], "texture": "#2"},
				"east": {"uv": [2, 0, 0, 1], "texture": "#2"},
				"south": {"uv": [2, 0, 0, 1], "texture": "#2"},
				"west": {"uv": [2, 0, 0, 1], "texture": "#2"},
				"up": {"uv": [0, 2, 2, 0], "texture": "#2"},
				"down": {"uv": [0, 2, 2, 0], "texture": "#2"}
			}
		},
		{
			"name": "tooth",
			"from": [27, 0, 1],
			"to": [29, 1, 3],
			"rotation": {"angle": 0, "axis": "y", "origin": [28, 0, 0]},
			"faces": {
				"north": {"uv": [2, 0, 0, 1], "texture": "#2"},
				"east": {"uv": [2, 0, 0, 1], "texture": "#2"},
				"south": {"uv": [2, 0, 0, 1], "texture": "#2"},
				"west": {"uv": [2, 0, 0, 1], "texture": "#2"},
				"up": {"uv": [0, 2, 2, 0], "texture": "#2"},
				"down": {"uv": [0, 2, 2, 0], "texture": "#2"}
			}
		},
		{
			"name": "tooth",
			"from": [23, 0, -8],
			"to": [24, 1, -7],
			"rotation": {"angle": 0, "axis": "y", "origin": [24, 0, -9]},
			"faces": {
				"north": {"uv": [2, 0, 0, 1], "texture": "#2"},
				"east": {"uv": [2, 0, 0, 1], "texture": "#2"},
				"south": {"uv": [2, 0, 0, 1], "texture": "#2"},
				"west": {"uv": [2, 0, 0, 1], "texture": "#2"},
				"up": {"uv": [0, 2, 2, 0], "texture": "#2"},
				"down": {"uv": [0, 2, 2, 0], "texture": "#2"}
			}
		},
		{
			"name": "tooth",
			"from": [17, 0, -13],
			"to": [18, 1, -12],
			"rotation": {"angle": 0, "axis": "y", "origin": [18, 0, -14]},
			"faces": {
				"north": {"uv": [2, 0, 0, 1], "texture": "#2"},
				"east": {"uv": [2, 0, 0, 1], "texture": "#2"},
				"south": {"uv": [2, 0, 0, 1], "texture": "#2"},
				"west": {"uv": [2, 0, 0, 1], "texture": "#2"},
				"up": {"uv": [0, 2, 2, 0], "texture": "#2"},
				"down": {"uv": [0, 2, 2, 0], "texture": "#2"}
			}
		},
		{
			"name": "tooth",
			"from": [18, 0, -12],
			"to": [19, 1, -11],
			"rotation": {"angle": 0, "axis": "y", "origin": [19, 0, -13]},
			"faces": {
				"north": {"uv": [2, 0, 0, 1], "texture": "#2"},
				"east": {"uv": [2, 0, 0, 1], "texture": "#2"},
				"south": {"uv": [2, 0, 0, 1], "texture": "#2"},
				"west": {"uv": [2, 0, 0, 1], "texture": "#2"},
				"up": {"uv": [0, 2, 2, 0], "texture": "#2"},
				"down": {"uv": [0, 2, 2, 0], "texture": "#2"}
			}
		},
		{
			"name": "tooth",
			"from": [22, 0, -9],
			"to": [23, 1, -8],
			"rotation": {"angle": 0, "axis": "y", "origin": [23, 0, -10]},
			"faces": {
				"north": {"uv": [2, 0, 0, 1], "texture": "#2"},
				"east": {"uv": [2, 0, 0, 1], "texture": "#2"},
				"south": {"uv": [2, 0, 0, 1], "texture": "#2"},
				"west": {"uv": [2, 0, 0, 1], "texture": "#2"},
				"up": {"uv": [0, 2, 2, 0], "texture": "#2"},
				"down": {"uv": [0, 2, 2, 0], "texture": "#2"}
			}
		},
		{
			"name": "tooth",
			"from": [12, 0, -16],
			"to": [14, 1, -14],
			"rotation": {"angle": 0, "axis": "y", "origin": [13, 0, -16]},
			"faces": {
				"north": {"uv": [2, 0, 0, 1], "texture": "#2"},
				"east": {"uv": [2, 0, 0, 1], "texture": "#2"},
				"south": {"uv": [2, 0, 0, 1], "texture": "#2"},
				"west": {"uv": [2, 0, 0, 1], "texture": "#2"},
				"up": {"uv": [0, 2, 2, 0], "texture": "#2"},
				"down": {"uv": [0, 2, 2, 0], "texture": "#2"}
			}
		},
		{
			"name": "tooth",
			"from": [18, 0, -14],
			"to": [20, 1, -12],
			"rotation": {"angle": 0, "axis": "y", "origin": [19, 0, -14]},
			"faces": {
				"north": {"uv": [2, 0, 0, 1], "texture": "#2"},
				"east": {"uv": [2, 0, 0, 1], "texture": "#2"},
				"south": {"uv": [2, 0, 0, 1], "texture": "#2"},
				"west": {"uv": [2, 0, 0, 1], "texture": "#2"},
				"up": {"uv": [0, 2, 2, 0], "texture": "#2"},
				"down": {"uv": [0, 2, 2, 0], "texture": "#2"}
			}
		},
		{
			"name": "tooth",
			"from": [16, 0, -12],
			"to": [18, 1, -10],
			"rotation": {"angle": 0, "axis": "y", "origin": [17, 0, -12]},
			"faces": {
				"north": {"uv": [2, 0, 0, 1], "texture": "#2"},
				"east": {"uv": [2, 0, 0, 1], "texture": "#2"},
				"south": {"uv": [2, 0, 0, 1], "texture": "#2"},
				"west": {"uv": [2, 0, 0, 1], "texture": "#2"},
				"up": {"uv": [0, 2, 2, 0], "texture": "#2"},
				"down": {"uv": [0, 2, 2, 0], "texture": "#2"}
			}
		},
		{
			"name": "tooth",
			"from": [23, 0, -10],
			"to": [25, 1, -8],
			"rotation": {"angle": 0, "axis": "y", "origin": [24, 0, -10]},
			"faces": {
				"north": {"uv": [2, 0, 0, 1], "texture": "#2"},
				"east": {"uv": [2, 0, 0, 1], "texture": "#2"},
				"south": {"uv": [2, 0, 0, 1], "texture": "#2"},
				"west": {"uv": [2, 0, 0, 1], "texture": "#2"},
				"up": {"uv": [0, 2, 2, 0], "texture": "#2"},
				"down": {"uv": [0, 2, 2, 0], "texture": "#2"}
			}
		},
		{
			"name": "tooth",
			"from": [28, 0, -5],
			"to": [29, 1, -4],
			"rotation": {"angle": 0, "axis": "y", "origin": [30, 0, -4]},
			"faces": {
				"north": {"uv": [0, 0, 2, 1], "texture": "#2"},
				"east": {"uv": [0, 0, 2, 1], "texture": "#2"},
				"south": {"uv": [0, 0, 2, 1], "texture": "#2"},
				"west": {"uv": [0, 0, 2, 1], "texture": "#2"},
				"up": {"uv": [0, 0, 2, 2], "texture": "#2"},
				"down": {"uv": [0, 0, 2, 2], "texture": "#2"}
			}
		},
		{
			"name": "tooth",
			"from": [27, 0, -6],
			"to": [29, 1, -5],
			"rotation": {"angle": 0, "axis": "y", "origin": [29, 0, -5]},
			"faces": {
				"north": {"uv": [0, 0, 2, 1], "texture": "#2"},
				"east": {"uv": [0, 0, 2, 1], "texture": "#2"},
				"south": {"uv": [0, 0, 2, 1], "texture": "#2"},
				"west": {"uv": [0, 0, 2, 1], "texture": "#2"},
				"up": {"uv": [0, 0, 2, 2], "texture": "#2"},
				"down": {"uv": [0, 0, 2, 2], "texture": "#2"}
			}
		},
		{
			"name": "tooth",
			"from": [26, 0, -5],
			"to": [28, 1, -4],
			"rotation": {"angle": 0, "axis": "y", "origin": [28, 0, -4]},
			"faces": {
				"north": {"uv": [0, 0, 2, 1], "texture": "#2"},
				"east": {"uv": [0, 0, 2, 1], "texture": "#2"},
				"south": {"uv": [0, 0, 2, 1], "texture": "#2"},
				"west": {"uv": [0, 0, 2, 1], "texture": "#2"},
				"up": {"uv": [0, 0, 2, 2], "texture": "#2"},
				"down": {"uv": [0, 0, 2, 2], "texture": "#2"}
			}
		},
		{
			"name": "tooth",
			"from": [25, 0, -4],
			"to": [27, 1, -2],
			"rotation": {"angle": 0, "axis": "y", "origin": [27, 0, -2]},
			"faces": {
				"north": {"uv": [0, 0, 2, 1], "texture": "#2"},
				"east": {"uv": [0, 0, 2, 1], "texture": "#2"},
				"south": {"uv": [0, 0, 2, 1], "texture": "#2"},
				"west": {"uv": [0, 0, 2, 1], "texture": "#2"},
				"up": {"uv": [0, 0, 2, 2], "texture": "#2"},
				"down": {"uv": [0, 0, 2, 2], "texture": "#2"}
			}
		},
		{
			"name": "tooth",
			"from": [29, 0, 0],
			"to": [31, 1, 2],
			"rotation": {"angle": 0, "axis": "y", "origin": [31, 0, 2]},
			"faces": {
				"north": {"uv": [0, 0, 2, 1], "texture": "#2"},
				"east": {"uv": [0, 0, 2, 1], "texture": "#2"},
				"south": {"uv": [0, 0, 2, 1], "texture": "#2"},
				"west": {"uv": [0, 0, 2, 1], "texture": "#2"},
				"up": {"uv": [0, 0, 2, 2], "texture": "#2"},
				"down": {"uv": [0, 0, 2, 2], "texture": "#2"}
			}
		},
		{
			"name": "tooth",
			"from": [28, 0, 6],
			"to": [32, 1, 8],
			"rotation": {"angle": 0, "axis": "y", "origin": [30, 0, 8]},
			"faces": {
				"north": {"uv": [0, 0, 2, 1], "texture": "#2"},
				"east": {"uv": [0, 0, 2, 1], "texture": "#2"},
				"south": {"uv": [0, 0, 2, 1], "texture": "#2"},
				"west": {"uv": [0, 0, 2, 1], "texture": "#2"},
				"up": {"uv": [0, 0, 2, 2], "texture": "#2"},
				"down": {"uv": [0, 0, 2, 2], "texture": "#2"}
			}
		},
		{
			"name": "tooth",
			"from": [14, 0, 29],
			"to": [16, 1, 31],
			"rotation": {"angle": 0, "axis": "y", "origin": [14, 0, 31]},
			"faces": {
				"north": {"uv": [0, 0, 2, 1], "texture": "#2"},
				"east": {"uv": [0, 0, 2, 1], "texture": "#2"},
				"south": {"uv": [0, 0, 2, 1], "texture": "#2"},
				"west": {"uv": [0, 0, 2, 1], "texture": "#2"},
				"up": {"uv": [0, 0, 2, 2], "rotation": 90, "texture": "#2"},
				"down": {"uv": [0, 0, 2, 2], "rotation": 270, "texture": "#2"}
			}
		},
		{
			"name": "tooth",
			"from": [18, 0, 25],
			"to": [20, 1, 27],
			"rotation": {"angle": 0, "axis": "y", "origin": [18, 0, 27]},
			"faces": {
				"north": {"uv": [0, 0, 2, 1], "texture": "#2"},
				"east": {"uv": [0, 0, 2, 1], "texture": "#2"},
				"south": {"uv": [0, 0, 2, 1], "texture": "#2"},
				"west": {"uv": [0, 0, 2, 1], "texture": "#2"},
				"up": {"uv": [0, 0, 2, 2], "rotation": 90, "texture": "#2"},
				"down": {"uv": [0, 0, 2, 2], "rotation": 270, "texture": "#2"}
			}
		},
		{
			"name": "tooth",
			"from": [20, 0, 26],
			"to": [21, 1, 28],
			"rotation": {"angle": 0, "axis": "y", "origin": [20, 0, 28]},
			"faces": {
				"north": {"uv": [0, 0, 2, 1], "texture": "#2"},
				"east": {"uv": [0, 0, 2, 1], "texture": "#2"},
				"south": {"uv": [0, 0, 2, 1], "texture": "#2"},
				"west": {"uv": [0, 0, 2, 1], "texture": "#2"},
				"up": {"uv": [0, 0, 2, 2], "rotation": 90, "texture": "#2"},
				"down": {"uv": [0, 0, 2, 2], "rotation": 270, "texture": "#2"}
			}
		},
		{
			"name": "tooth",
			"from": [21, 0, 27],
			"to": [22, 1, 29],
			"rotation": {"angle": 0, "axis": "y", "origin": [21, 0, 29]},
			"faces": {
				"north": {"uv": [0, 0, 2, 1], "texture": "#2"},
				"east": {"uv": [0, 0, 2, 1], "texture": "#2"},
				"south": {"uv": [0, 0, 2, 1], "texture": "#2"},
				"west": {"uv": [0, 0, 2, 1], "texture": "#2"},
				"up": {"uv": [0, 0, 2, 2], "rotation": 90, "texture": "#2"},
				"down": {"uv": [0, 0, 2, 2], "rotation": 270, "texture": "#2"}
			}
		},
		{
			"name": "tooth",
			"from": [20, 0, 28],
			"to": [21, 1, 29],
			"rotation": {"angle": 0, "axis": "y", "origin": [20, 0, 30]},
			"faces": {
				"north": {"uv": [0, 0, 2, 1], "texture": "#2"},
				"east": {"uv": [0, 0, 2, 1], "texture": "#2"},
				"south": {"uv": [0, 0, 2, 1], "texture": "#2"},
				"west": {"uv": [0, 0, 2, 1], "texture": "#2"},
				"up": {"uv": [0, 0, 2, 2], "rotation": 90, "texture": "#2"},
				"down": {"uv": [0, 0, 2, 2], "rotation": 270, "texture": "#2"}
			}
		},
		{
			"name": "tooth",
			"from": [24, 0, 23],
			"to": [26, 1, 25],
			"rotation": {"angle": 0, "axis": "y", "origin": [26, 0, 24]},
			"faces": {
				"north": {"uv": [2, 0, 0, 1], "texture": "#2"},
				"east": {"uv": [2, 0, 0, 1], "texture": "#2"},
				"south": {"uv": [2, 0, 0, 1], "texture": "#2"},
				"west": {"uv": [2, 0, 0, 1], "texture": "#2"},
				"up": {"uv": [0, 2, 2, 0], "rotation": 90, "texture": "#2"},
				"down": {"uv": [0, 2, 2, 0], "rotation": 270, "texture": "#2"}
			}
		},
		{
			"name": "tooth",
			"from": [26, 0, 16],
			"to": [28, 1, 18],
			"rotation": {"angle": 0, "axis": "y", "origin": [28, 0, 17]},
			"faces": {
				"north": {"uv": [2, 0, 0, 1], "texture": "#2"},
				"east": {"uv": [2, 0, 0, 1], "texture": "#2"},
				"south": {"uv": [2, 0, 0, 1], "texture": "#2"},
				"west": {"uv": [2, 0, 0, 1], "texture": "#2"},
				"up": {"uv": [0, 2, 2, 0], "rotation": 90, "texture": "#2"},
				"down": {"uv": [0, 2, 2, 0], "rotation": 270, "texture": "#2"}
			}
		},
		{
			"name": "tooth",
			"from": [28, 0, 18],
			"to": [30, 1, 20],
			"rotation": {"angle": 0, "axis": "y", "origin": [30, 0, 19]},
			"faces": {
				"north": {"uv": [2, 0, 0, 1], "texture": "#2"},
				"east": {"uv": [2, 0, 0, 1], "texture": "#2"},
				"south": {"uv": [2, 0, 0, 1], "texture": "#2"},
				"west": {"uv": [2, 0, 0, 1], "texture": "#2"},
				"up": {"uv": [0, 2, 2, 0], "rotation": 90, "texture": "#2"},
				"down": {"uv": [0, 2, 2, 0], "rotation": 270, "texture": "#2"}
			}
		},
		{
			"name": "tooth",
			"from": [30, 0, 12],
			"to": [32, 1, 14],
			"rotation": {"angle": 0, "axis": "y", "origin": [32, 0, 13]},
			"faces": {
				"north": {"uv": [2, 0, 0, 1], "texture": "#2"},
				"east": {"uv": [2, 0, 0, 1], "texture": "#2"},
				"south": {"uv": [2, 0, 0, 1], "texture": "#2"},
				"west": {"uv": [2, 0, 0, 1], "texture": "#2"},
				"up": {"uv": [0, 2, 2, 0], "rotation": 90, "texture": "#2"},
				"down": {"uv": [0, 2, 2, 0], "rotation": 270, "texture": "#2"}
			}
		},
		{
			"name": "tooth",
			"from": [24, 0, 22],
			"to": [25, 1, 23],
			"rotation": {"angle": 0, "axis": "y", "origin": [26, 0, 23]},
			"faces": {
				"north": {"uv": [2, 0, 0, 1], "texture": "#2"},
				"east": {"uv": [2, 0, 0, 1], "texture": "#2"},
				"south": {"uv": [2, 0, 0, 1], "texture": "#2"},
				"west": {"uv": [2, 0, 0, 1], "texture": "#2"},
				"up": {"uv": [0, 2, 2, 0], "rotation": 90, "texture": "#2"},
				"down": {"uv": [0, 2, 2, 0], "rotation": 270, "texture": "#2"}
			}
		},
		{
			"name": "tooth",
			"from": [27, 0, 18],
			"to": [28, 1, 19],
			"rotation": {"angle": 0, "axis": "y", "origin": [29, 0, 19]},
			"faces": {
				"north": {"uv": [2, 0, 0, 1], "texture": "#2"},
				"east": {"uv": [2, 0, 0, 1], "texture": "#2"},
				"south": {"uv": [2, 0, 0, 1], "texture": "#2"},
				"west": {"uv": [2, 0, 0, 1], "texture": "#2"},
				"up": {"uv": [0, 2, 2, 0], "rotation": 90, "texture": "#2"},
				"down": {"uv": [0, 2, 2, 0], "rotation": 270, "texture": "#2"}
			}
		},
		{
			"name": "tooth",
			"from": [28, 0, 17],
			"to": [29, 1, 18],
			"rotation": {"angle": 0, "axis": "y", "origin": [30, 0, 18]},
			"faces": {
				"north": {"uv": [2, 0, 0, 1], "texture": "#2"},
				"east": {"uv": [2, 0, 0, 1], "texture": "#2"},
				"south": {"uv": [2, 0, 0, 1], "texture": "#2"},
				"west": {"uv": [2, 0, 0, 1], "texture": "#2"},
				"up": {"uv": [0, 2, 2, 0], "rotation": 90, "texture": "#2"},
				"down": {"uv": [0, 2, 2, 0], "rotation": 270, "texture": "#2"}
			}
		},
		{
			"name": "tooth",
			"from": [23, 0, 23],
			"to": [24, 1, 24],
			"rotation": {"angle": 0, "axis": "y", "origin": [25, 0, 24]},
			"faces": {
				"north": {"uv": [2, 0, 0, 1], "texture": "#2"},
				"east": {"uv": [2, 0, 0, 1], "texture": "#2"},
				"south": {"uv": [2, 0, 0, 1], "texture": "#2"},
				"west": {"uv": [2, 0, 0, 1], "texture": "#2"},
				"up": {"uv": [0, 2, 2, 0], "rotation": 90, "texture": "#2"},
				"down": {"uv": [0, 2, 2, 0], "rotation": 270, "texture": "#2"}
			}
		},
		{
			"name": "tooth",
			"from": [13, 0, 27],
			"to": [15, 1, 29],
			"rotation": {"angle": 0, "axis": "y", "origin": [16, 0, 28]},
			"faces": {
				"north": {"uv": [2, 0, 0, 1], "texture": "#2"},
				"east": {"uv": [2, 0, 0, 1], "texture": "#2"},
				"south": {"uv": [2, 0, 0, 1], "texture": "#2"},
				"west": {"uv": [2, 0, 0, 1], "texture": "#2"},
				"up": {"uv": [0, 2, 2, 0], "rotation": 90, "texture": "#2"},
				"down": {"uv": [0, 2, 2, 0], "rotation": 270, "texture": "#2"}
			}
		},
		{
			"name": "tooth",
			"from": [19, 0, 27],
			"to": [20, 1, 28],
			"rotation": {"angle": 0, "axis": "y", "origin": [21, 0, 28]},
			"faces": {
				"north": {"uv": [2, 0, 0, 1], "texture": "#2"},
				"east": {"uv": [2, 0, 0, 1], "texture": "#2"},
				"south": {"uv": [2, 0, 0, 1], "texture": "#2"},
				"west": {"uv": [2, 0, 0, 1], "texture": "#2"},
				"up": {"uv": [0, 2, 2, 0], "rotation": 90, "texture": "#2"},
				"down": {"uv": [0, 2, 2, 0], "rotation": 270, "texture": "#2"}
			}
		},
		{
			"name": "tooth",
			"from": [22, 0, 22],
			"to": [23, 1, 23],
			"rotation": {"angle": 0, "axis": "y", "origin": [24, 0, 23]},
			"faces": {
				"north": {"uv": [2, 0, 0, 1], "texture": "#2"},
				"east": {"uv": [2, 0, 0, 1], "texture": "#2"},
				"south": {"uv": [2, 0, 0, 1], "texture": "#2"},
				"west": {"uv": [2, 0, 0, 1], "texture": "#2"},
				"up": {"uv": [0, 2, 2, 0], "rotation": 90, "texture": "#2"},
				"down": {"uv": [0, 2, 2, 0], "rotation": 270, "texture": "#2"}
			}
		},
		{
			"name": "tooth",
			"from": [23, 0, 21],
			"to": [24, 1, 23],
			"rotation": {"angle": 0, "axis": "y", "origin": [25, 0, 22]},
			"faces": {
				"north": {"uv": [2, 0, 0, 1], "texture": "#2"},
				"east": {"uv": [2, 0, 0, 1], "texture": "#2"},
				"south": {"uv": [2, 0, 0, 1], "texture": "#2"},
				"west": {"uv": [2, 0, 0, 1], "texture": "#2"},
				"up": {"uv": [0, 2, 2, 0], "rotation": 90, "texture": "#2"},
				"down": {"uv": [0, 2, 2, 0], "rotation": 270, "texture": "#2"}
			}
		},
		{
			"name": "tooth",
			"from": [28, 0, 12],
			"to": [30, 1, 13],
			"rotation": {"angle": 0, "axis": "y", "origin": [31, 0, 12]},
			"faces": {
				"north": {"uv": [2, 0, 0, 1], "texture": "#2"},
				"east": {"uv": [2, 0, 0, 1], "texture": "#2"},
				"south": {"uv": [2, 0, 0, 1], "texture": "#2"},
				"west": {"uv": [2, 0, 0, 1], "texture": "#2"},
				"up": {"uv": [0, 2, 2, 0], "rotation": 90, "texture": "#2"},
				"down": {"uv": [0, 2, 2, 0], "rotation": 270, "texture": "#2"}
			}
		},
		{
			"name": "tooth",
			"from": [28, 0, 11],
			"to": [30, 1, 12],
			"rotation": {"angle": 0, "axis": "y", "origin": [31, 0, 11]},
			"faces": {
				"north": {"uv": [2, 0, 0, 1], "texture": "#2"},
				"east": {"uv": [2, 0, 0, 1], "texture": "#2"},
				"south": {"uv": [2, 0, 0, 1], "texture": "#2"},
				"west": {"uv": [2, 0, 0, 1], "texture": "#2"},
				"up": {"uv": [0, 2, 2, 0], "rotation": 90, "texture": "#2"},
				"down": {"uv": [0, 2, 2, 0], "rotation": 270, "texture": "#2"}
			}
		}
	],
	"gui_light": "front",
	"display": {
		"thirdperson_righthand": {
			"rotation": [180, 0, 0],
			"translation": [0, -2.33, 0],
			"scale": [0.33, 0.33, 0.33]
		},
		"thirdperson_lefthand": {
			"rotation": [180, 0, 0],
			"translation": [0, -2.33, 0],
			"scale": [0.33, 0.33, 0.33]
		},
		"firstperson_righthand": {
			"rotation": [90, 0, 0],
			"scale": [0.33, 0.33, 0.33]
		},
		"firstperson_lefthand": {
			"rotation": [90, 0, 0],
			"scale": [0.33, 0.33, 0.33]
		},
		"ground": {
			"scale": [0.33, 0.33, 0.33]
		},
		"gui": {
			"rotation": [90, 0, 0],
			"scale": [0.33, 0.33, 0.33]
		},
		"fixed": {
			"rotation": [90, 0, 0],
			"translation": [0, 0, 50],
			"scale": [2.05, 2, 2.05]
		}
	},
	"groups": [
		{
			"name": "GearBody",
			"origin": [14, 0, 7],
			"color": 0,
			"children": [
				0,
				1,
				2,
				3,
				4,
				5,
				6,
				7,
				8,
				9,
				10,
				11,
				12,
				13,
				14,
				15,
				16,
				17,
				18,
				19,
				20,
				21,
				22,
				23,
				24,
				25,
				26,
				27,
				28,
				29,
				30,
				31,
				32,
				33,
				34,
				35,
				36,
				37,
				38,
				39,
				40,
				41,
				42,
				43,
				44,
				45,
				46,
				47,
				48,
				49,
				50,
				51,
				52,
				53,
				54
			]
		},
		{
			"name": "GearTeeth",
			"origin": [8, 8, 8],
			"color": 0,
			"children": [
				55,
				56,
				57,
				58,
				59,
				60,
				61,
				62,
				63,
				64,
				65,
				66,
				67,
				68,
				69,
				70,
				71,
				72,
				73,
				74,
				75,
				76,
				77,
				78,
				79,
				80,
				81,
				82,
				83,
				84,
				85,
				86,
				87,
				88,
				89,
				90,
				91,
				92,
				93,
				94,
				95,
				96,
				97,
				98,
				99,
				100,
				101,
				102,
				103,
				104,
				105,
				106,
				107,
				108,
				109,
				110,
				111,
				112,
				113,
				114,
				115,
				116,
				117,
				118,
				119,
				120,
				121,
				122,
				123,
				124,
				125,
				126,
				127,
				128,
				129,
				130,
				131,
				132,
				133,
				134
			]
		}
	]
}