{
    "parent": "item/generated",
    "textures": {
     "layer0": "item/iron_nugget"
    },
   
    "overrides": [
     { "predicate": {"custom_model_data": 116347}, "model": "item/small_gear"},
     { "predicate": {"custom_model_data": 226347}, "model": "item/medium_gear"},
     { "predicate": {"custom_model_data": 336347}, "model": "item/large_gear"},
     { "predicate": {"custom_model_data": 446347}, "model": "item/small_gear_f"},
     { "predicate": {"custom_model_data": 556347}, "model": "item/medium_gear_f"},
     { "predicate": {"custom_model_data": 666347}, "model": "item/large_gear_f"}
    ]
}